,Lambda,Solver,Tolerance,Score,ElapsedTime [s]
0,0.1,sparse_cg,0.0007,5.376031665127808,1640.7078882839996
1,1.0,sparse_cg,0.0007,5.373025092976872,1669.5279202599995
2,10.0,lsqr,0.0003,5.373720517006828,1601.0479924200008
3,100.0,lsqr,0.0001,5.573120753441834,1450.0168572719995
4,200.0,lsqr,5e-05,5.663159130936077,1076.8336598690003
