,Lambda,Solver,Tolerance,Score,ElapsedTime [s]
0,0.1,svd,0.001,5.384009826668418,26.78145801300002
1,1.0,svd,0.001,5.388610980130155,28.151543460000084
2,10.0,svd,0.001,5.382778572515705,26.811458175999974
3,100.0,svd,0.001,5.574252818011711,24.86066588099993
4,200.0,svd,0.001,5.664707969984591,24.886228552000034
