,ModelName,F1_score,Elapsed Time [s]
0,model10,0.7253750815394652,5.784351940999841
1,model100,0.759946949602122,13.374616860999595
2,model1000,0.7564102564102564,117.98668132700004
