,ModelName,F1_score,Elapsed Time [s]
0,model10,0.6750700280112044,6.536247985000955
1,model100,0.7581792318634423,15.1520999509994
